x coordinate,y coordinate,capacity
2.956231812,1.683257589,9506
1.565187507,1.678964521,7867
0.108791118,2.492411395,14971
2.085108498,9.283027525,6599
4.526580337,7.867856135,13338
1.584501581,7.02909156,8664
0.616197068,9.178924102,11077
1.194759117,3.847652501,10682
4.332616063,5.611182064,11398
4.696159296,3.434614693,12670
